UniProt_AC,Uniprot_ID,Gene,BM_Status
O00468,AGRIN_HUMAN,AGRN,Confirmed
Q5SVA1,AGRIN_HUMAN,AGRN,Confirmed
Q5SVA2,AGRIN_HUMAN,AGRN,Confirmed
Q60FE1,AGRIN_HUMAN,AGRN,Confirmed
Q7KYS8,AGRIN_HUMAN,AGRN,Confirmed
Q8N4J5,AGRIN_HUMAN,AGRN,Confirmed
Q96IC1,AGRIN_HUMAN,AGRN,Confirmed
Q9BTD4,AGRIN_HUMAN,AGRN,Confirmed
P03950,ANGI_HUMAN,ANG,Confirmed
Q05CV1,ANGI_HUMAN,ANG,Confirmed
Q53X86,ANGI_HUMAN,ANG,Confirmed
Q6P5T2,ANGI_HUMAN,ANG,Confirmed
Q8WXE7,ANGI_HUMAN,ANG,Confirmed
P21810,PGS1_HUMAN,BGN,Confirmed
D3DWU3,PGS1_HUMAN,BGN,Confirmed
P13247,PGS1_HUMAN,BGN,Confirmed
Q99715,COCA1_HUMAN,COL12A1,Confirmed
O43853,COCA1_HUMAN,COL12A1,Confirmed
Q15955,COCA1_HUMAN,COL12A1,Confirmed
Q5VYK1,COCA1_HUMAN,COL12A1,Confirmed
Q5VYK2,COCA1_HUMAN,COL12A1,Confirmed
Q71UR3,COCA1_HUMAN,COL12A1,Confirmed
Q99716,COCA1_HUMAN,COL12A1,Confirmed
Q05707,COEA1_HUMAN,COL14A1,Confirmed
B2RU07,COEA1_HUMAN,COL14A1,Confirmed
O00260,COEA1_HUMAN,COL14A1,Confirmed
O00261,COEA1_HUMAN,COL14A1,Confirmed
O00262,COEA1_HUMAN,COL14A1,Confirmed
Q05708,COEA1_HUMAN,COL14A1,Confirmed
Q5XJ18,COEA1_HUMAN,COL14A1,Confirmed
Q96C67,COEA1_HUMAN,COL14A1,Confirmed
Q9UDF6,COEA1_HUMAN,COL14A1,Confirmed
P39059,COFA1_HUMAN,COL15A1,Confirmed
Q5T6J4,COFA1_HUMAN,COL15A1,Confirmed
Q9UDC5,COFA1_HUMAN,COL15A1,Confirmed
Q9Y4W4,COFA1_HUMAN,COL15A1,Confirmed
P02458,CO2A1_HUMAN,COL2A1,Confirmed
A6NGA0,CO2A1_HUMAN,COL2A1,Confirmed
Q12985,CO2A1_HUMAN,COL2A1,Confirmed
Q14009,CO2A1_HUMAN,COL2A1,Confirmed
Q14044,CO2A1_HUMAN,COL2A1,Confirmed
Q14045,CO2A1_HUMAN,COL2A1,Confirmed
Q14046,CO2A1_HUMAN,COL2A1,Confirmed
Q14047,CO2A1_HUMAN,COL2A1,Confirmed
Q14056,CO2A1_HUMAN,COL2A1,Confirmed
Q14058,CO2A1_HUMAN,COL2A1,Confirmed
Q16672,CO2A1_HUMAN,COL2A1,Confirmed
Q1JQ82,CO2A1_HUMAN,COL2A1,Confirmed
Q2V4X7,CO2A1_HUMAN,COL2A1,Confirmed
Q6LBY1,CO2A1_HUMAN,COL2A1,Confirmed
Q6LBY2,CO2A1_HUMAN,COL2A1,Confirmed
Q6LBY3,CO2A1_HUMAN,COL2A1,Confirmed
Q96IT5,CO2A1_HUMAN,COL2A1,Confirmed
Q99227,CO2A1_HUMAN,COL2A1,Confirmed
Q9UE38,CO2A1_HUMAN,COL2A1,Confirmed
Q9UE39,CO2A1_HUMAN,COL2A1,Confirmed
Q9UE40,CO2A1_HUMAN,COL2A1,Confirmed
Q9UE41,CO2A1_HUMAN,COL2A1,Confirmed
Q9UE42,CO2A1_HUMAN,COL2A1,Confirmed
Q9UE43,CO2A1_HUMAN,COL2A1,Confirmed
P20908,CO5A1_HUMAN,COL5A1,Confirmed
A0A087WXW9,CO5A1_HUMAN,COL5A1,Confirmed
Q15094,CO5A1_HUMAN,COL5A1,Confirmed
Q5SUX4,CO5A1_HUMAN,COL5A1,Confirmed
P12109,CO6A1_HUMAN,COL6A1,Confirmed
O00117,CO6A1_HUMAN,COL6A1,Confirmed
O00118,CO6A1_HUMAN,COL6A1,Confirmed
Q14040,CO6A1_HUMAN,COL6A1,Confirmed
Q14041,CO6A1_HUMAN,COL6A1,Confirmed
Q16258,CO6A1_HUMAN,COL6A1,Confirmed
Q7Z645,CO6A1_HUMAN,COL6A1,Confirmed
Q9BSA8,CO6A1_HUMAN,COL6A1,Confirmed
P12110,CO6A2_HUMAN,COL6A2,Confirmed
Q13909,CO6A2_HUMAN,COL6A2,Confirmed
Q13910,CO6A2_HUMAN,COL6A2,Confirmed
Q13911,CO6A2_HUMAN,COL6A2,Confirmed
Q14048,CO6A2_HUMAN,COL6A2,Confirmed
Q14049,CO6A2_HUMAN,COL6A2,Confirmed
Q16259,CO6A2_HUMAN,COL6A2,Confirmed
Q16597,CO6A2_HUMAN,COL6A2,Confirmed
Q6P0Q1,CO6A2_HUMAN,COL6A2,Confirmed
Q9UML3,CO6A2_HUMAN,COL6A2,Confirmed
Q9Y4S8,CO6A2_HUMAN,COL6A2,Confirmed
P12111,CO6A3_HUMAN,COL6A3,Confirmed
A8MT30,CO6A3_HUMAN,COL6A3,Confirmed
B4E3U5,CO6A3_HUMAN,COL6A3,Confirmed
B7ZMJ7,CO6A3_HUMAN,COL6A3,Confirmed
E9PFQ6,CO6A3_HUMAN,COL6A3,Confirmed
E9PGQ9,CO6A3_HUMAN,COL6A3,Confirmed
Q16501,CO6A3_HUMAN,COL6A3,Confirmed
Q53QF4,CO6A3_HUMAN,COL6A3,Confirmed
Q53QF6,CO6A3_HUMAN,COL6A3,Confirmed
Q9Y215,COLQ_HUMAN,COLQ,Confirmed
B3KY09,COLQ_HUMAN,COLQ,Confirmed
Q6DK18,COLQ_HUMAN,COLQ,Confirmed
Q6YH18,COLQ_HUMAN,COLQ,Confirmed
Q6YH19,COLQ_HUMAN,COLQ,Confirmed
Q6YH20,COLQ_HUMAN,COLQ,Confirmed
Q6YH21,COLQ_HUMAN,COLQ,Confirmed
Q9NP18,COLQ_HUMAN,COLQ,Confirmed
Q9NP19,COLQ_HUMAN,COLQ,Confirmed
Q9NP20,COLQ_HUMAN,COLQ,Confirmed
Q9NP21,COLQ_HUMAN,COLQ,Confirmed
Q9NP22,COLQ_HUMAN,COLQ,Confirmed
Q9NP23,COLQ_HUMAN,COLQ,Confirmed
Q9NP24,COLQ_HUMAN,COLQ,Confirmed
Q9UP88,COLQ_HUMAN,COLQ,Confirmed
Q6UVK1,CSPG4_HUMAN,CSPG4,Confirmed
D3DW77,CSPG4_HUMAN,CSPG4,Confirmed
Q92675,CSPG4_HUMAN,CSPG4,Confirmed
P01034,CYTC_HUMAN,CST3,Confirmed
B2R5J9,CYTC_HUMAN,CST3,Confirmed
D3DW42,CYTC_HUMAN,CST3,Confirmed
Q6FGW9,CYTC_HUMAN,CST3,Confirmed
P07858,CATB_HUMAN,CTSB,Confirmed
B3KQR5,CATB_HUMAN,CTSB,Confirmed
B3KRR5,CATB_HUMAN,CTSB,Confirmed
Q503A6,CATB_HUMAN,CTSB,Confirmed
Q96D87,CATB_HUMAN,CTSB,Confirmed
Q14118,DAG1_HUMAN,DAG1,Confirmed
A8K6M7,DAG1_HUMAN,DAG1,Confirmed
Q969J9,DAG1_HUMAN,DAG1,Confirmed
P07585,PGS2_HUMAN,DCN,Confirmed
Q9P0Z0,PGS2_HUMAN,DCN,Confirmed
Q9P0Z1,PGS2_HUMAN,DCN,Confirmed
Q9Y5N8,PGS2_HUMAN,DCN,Confirmed
Q9Y5N9,PGS2_HUMAN,DCN,Confirmed
Q16610,ECM1_HUMAN,ECM1,Confirmed
A8K8S0,ECM1_HUMAN,ECM1,Confirmed
B4DW49,ECM1_HUMAN,ECM1,Confirmed
B4DY60,ECM1_HUMAN,ECM1,Confirmed
O43266,ECM1_HUMAN,ECM1,Confirmed
Q5T5G4,ECM1_HUMAN,ECM1,Confirmed
Q5T5G5,ECM1_HUMAN,ECM1,Confirmed
Q5T5G6,ECM1_HUMAN,ECM1,Confirmed
Q8IZ60,ECM1_HUMAN,ECM1,Confirmed
Q12805,FBLN3_HUMAN,EFEMP1,Confirmed
A8K3I4,FBLN3_HUMAN,EFEMP1,Confirmed
B4DW75,FBLN3_HUMAN,EFEMP1,Confirmed
D6W5D2,FBLN3_HUMAN,EFEMP1,Confirmed
Q541U7,FBLN3_HUMAN,EFEMP1,Confirmed
P23142,FBLN1_HUMAN,FBLN1,Confirmed
B0QY42,FBLN1_HUMAN,FBLN1,Confirmed
B1AHL4,FBLN1_HUMAN,FBLN1,Confirmed
P23143,FBLN1_HUMAN,FBLN1,Confirmed
P23144,FBLN1_HUMAN,FBLN1,Confirmed
P37888,FBLN1_HUMAN,FBLN1,Confirmed
Q5TIC4,FBLN1_HUMAN,FBLN1,Confirmed
Q8TBH8,FBLN1_HUMAN,FBLN1,Confirmed
Q9HBQ5,FBLN1_HUMAN,FBLN1,Confirmed
Q9UC21,FBLN1_HUMAN,FBLN1,Confirmed
Q9UGR4,FBLN1_HUMAN,FBLN1,Confirmed
Q9UH41,FBLN1_HUMAN,FBLN1,Confirmed
P98095,FBLN2_HUMAN,FBLN2,Confirmed
B7Z9C5,FBLN2_HUMAN,FBLN2,Confirmed
Q8IUI0,FBLN2_HUMAN,FBLN2,Confirmed
Q8IUI1,FBLN2_HUMAN,FBLN2,Confirmed
Q9UBX5,FBLN5_HUMAN,FBLN5,Confirmed
O75966,FBLN5_HUMAN,FBLN5,Confirmed
Q6IAL4,FBLN5_HUMAN,FBLN5,Confirmed
Q6UWA3,FBLN5_HUMAN,FBLN5,Confirmed
P35555,FBN1_HUMAN,FBN1,Confirmed
B2RUU0,FBN1_HUMAN,FBN1,Confirmed
D2JYH6,FBN1_HUMAN,FBN1,Confirmed
Q15972,FBN1_HUMAN,FBN1,Confirmed
Q75N87,FBN1_HUMAN,FBN1,Confirmed
P35556,FBN2_HUMAN,FBN2,Confirmed
B4DU01,FBN2_HUMAN,FBN2,Confirmed
Q59ES6,FBN2_HUMAN,FBN2,Confirmed
Q06828,FMOD_HUMAN,FMOD,Confirmed
Q15331,FMOD_HUMAN,FMOD,Confirmed
Q8IV47,FMOD_HUMAN,FMOD,Confirmed
P02751,FINC_HUMAN,FN1,Confirmed
B7ZLF0,FINC_HUMAN,FN1,Confirmed
E9PE77,FINC_HUMAN,FN1,Confirmed
E9PG29,FINC_HUMAN,FN1,Confirmed
O95609,FINC_HUMAN,FN1,Confirmed
O95610,FINC_HUMAN,FN1,Confirmed
Q14312,FINC_HUMAN,FN1,Confirmed
Q14325,FINC_HUMAN,FN1,Confirmed
Q14326,FINC_HUMAN,FN1,Confirmed
Q17RV7,FINC_HUMAN,FN1,Confirmed
Q564H7,FINC_HUMAN,FN1,Confirmed
Q585T2,FINC_HUMAN,FN1,Confirmed
Q59EH1,FINC_HUMAN,FN1,Confirmed
Q60FE4,FINC_HUMAN,FN1,Confirmed
Q68DP8,FINC_HUMAN,FN1,Confirmed
Q68DP9,FINC_HUMAN,FN1,Confirmed
Q68DT4,FINC_HUMAN,FN1,Confirmed
Q6LDP6,FINC_HUMAN,FN1,Confirmed
Q6MZS0,FINC_HUMAN,FN1,Confirmed
Q6MZU5,FINC_HUMAN,FN1,Confirmed
Q6N025,FINC_HUMAN,FN1,Confirmed
Q6N0A6,FINC_HUMAN,FN1,Confirmed
Q7Z391,FINC_HUMAN,FN1,Confirmed
Q86T27,FINC_HUMAN,FN1,Confirmed
Q8IVI8,FINC_HUMAN,FN1,Confirmed
Q96KP7,FINC_HUMAN,FN1,Confirmed
Q96KP8,FINC_HUMAN,FN1,Confirmed
Q96KP9,FINC_HUMAN,FN1,Confirmed
Q9H1B8,FINC_HUMAN,FN1,Confirmed
Q9HAP3,FINC_HUMAN,FN1,Confirmed
Q9UMK2,FINC_HUMAN,FN1,Confirmed
Q86XX4,FRAS1_HUMAN,FRAS1,Confirmed
A2RRR8,FRAS1_HUMAN,FRAS1,Confirmed
Q86UZ4,FRAS1_HUMAN,FRAS1,Confirmed
Q8N3U9,FRAS1_HUMAN,FRAS1,Confirmed
Q8NAU7,FRAS1_HUMAN,FRAS1,Confirmed
Q96JW7,FRAS1_HUMAN,FRAS1,Confirmed
Q9H6N9,FRAS1_HUMAN,FRAS1,Confirmed
Q9P228,FRAS1_HUMAN,FRAS1,Confirmed
P35052,GPC1_HUMAN,GPC1,Confirmed
B3KTD1,GPC1_HUMAN,GPC1,Confirmed
Q53QM4,GPC1_HUMAN,GPC1,Confirmed
Q8N158,GPC2_HUMAN,GPC2,Confirmed
A4D2A7,GPC2_HUMAN,GPC2,Confirmed
Q8NDA2,HMCN2_HUMAN,HMCN2,Confirmed
A0A096LP30,HMCN2_HUMAN,HMCN2,Confirmed
Q8N225,HMCN2_HUMAN,HMCN2,Confirmed
Q8TCI8,HMCN2_HUMAN,HMCN2,Confirmed
P56199,ITA1_HUMAN,ITGA1,Confirmed
B2RNU0,ITA1_HUMAN,ITGA1,Confirmed
P17301,ITA2_HUMAN,ITGA2,Confirmed
Q14595,ITA2_HUMAN,ITGA2,Confirmed
P26006,ITA3_HUMAN,ITGA3,Confirmed
A7E246,ITA3_HUMAN,ITGA3,Confirmed
B7ZM80,ITA3_HUMAN,ITGA3,Confirmed
B9EGQ1,ITA3_HUMAN,ITGA3,Confirmed
D3DTX4,ITA3_HUMAN,ITGA3,Confirmed
D3DTX5,ITA3_HUMAN,ITGA3,Confirmed
P08648,ITA5_HUMAN,ITGA5,Confirmed
Q96HA5,ITA5_HUMAN,ITGA5,Confirmed
P23229,ITA6_HUMAN,ITGA6,Confirmed
B2RMU9,ITA6_HUMAN,ITGA6,Confirmed
B4DG69,ITA6_HUMAN,ITGA6,Confirmed
B4DKB8,ITA6_HUMAN,ITGA6,Confirmed
C4AM96,ITA6_HUMAN,ITGA6,Confirmed
G5E9H1,ITA6_HUMAN,ITGA6,Confirmed
Q08443,ITA6_HUMAN,ITGA6,Confirmed
Q0MRC7,ITA6_HUMAN,ITGA6,Confirmed
Q14646,ITA6_HUMAN,ITGA6,Confirmed
Q16508,ITA6_HUMAN,ITGA6,Confirmed
Q53RX7,ITA6_HUMAN,ITGA6,Confirmed
Q59HB7,ITA6_HUMAN,ITGA6,Confirmed
Q86VL6,ITA6_HUMAN,ITGA6,Confirmed
Q9UCT1,ITA6_HUMAN,ITGA6,Confirmed
Q9UN03,ITA6_HUMAN,ITGA6,Confirmed
P05556,ITB1_HUMAN,ITGB1,Confirmed
A8K6N2,ITB1_HUMAN,ITGB1,Confirmed
D3DRX9,ITB1_HUMAN,ITGB1,Confirmed
D3DRY3,ITB1_HUMAN,ITGB1,Confirmed
D3DRY4,ITB1_HUMAN,ITGB1,Confirmed
D3DRY5,ITB1_HUMAN,ITGB1,Confirmed
P78466,ITB1_HUMAN,ITGB1,Confirmed
P78467,ITB1_HUMAN,ITGB1,Confirmed
Q13089,ITB1_HUMAN,ITGB1,Confirmed
Q13090,ITB1_HUMAN,ITGB1,Confirmed
Q13091,ITB1_HUMAN,ITGB1,Confirmed
Q13212,ITB1_HUMAN,ITGB1,Confirmed
Q14622,ITB1_HUMAN,ITGB1,Confirmed
Q14647,ITB1_HUMAN,ITGB1,Confirmed
Q29RW2,ITB1_HUMAN,ITGB1,Confirmed
Q7Z3V1,ITB1_HUMAN,ITGB1,Confirmed
Q8WUM6,ITB1_HUMAN,ITGB1,Confirmed
P16144,ITB4_HUMAN,ITGB4,Confirmed
A0AVL6,ITB4_HUMAN,ITGB4,Confirmed
O14690,ITB4_HUMAN,ITGB4,Confirmed
O14691,ITB4_HUMAN,ITGB4,Confirmed
O15339,ITB4_HUMAN,ITGB4,Confirmed
O15340,ITB4_HUMAN,ITGB4,Confirmed
O15341,ITB4_HUMAN,ITGB4,Confirmed
Q0VF97,ITB4_HUMAN,ITGB4,Confirmed
Q9UIQ4,ITB4_HUMAN,ITGB4,Confirmed
Q08397,LOXL1_HUMAN,LOXL1,Confirmed
Q6NUL3,LOXL1_HUMAN,LOXL1,Confirmed
Q96BW7,LOXL1_HUMAN,LOXL1,Confirmed
P51884,LUM_HUMAN,LUM,Confirmed
B2R6R5,LUM_HUMAN,LUM,Confirmed
Q96QM7,LUM_HUMAN,LUM,Confirmed
O00339,MATN2_HUMAN,MATN2,Confirmed
A8K106,MATN2_HUMAN,MATN2,Confirmed
E7EW74,MATN2_HUMAN,MATN2,Confirmed
E9PD48,MATN2_HUMAN,MATN2,Confirmed
E9PGL2,MATN2_HUMAN,MATN2,Confirmed
Q6UWA5,MATN2_HUMAN,MATN2,Confirmed
Q7Z5X1,MATN2_HUMAN,MATN2,Confirmed
Q8NDE6,MATN2_HUMAN,MATN2,Confirmed
Q96FT5,MATN2_HUMAN,MATN2,Confirmed
Q9NSZ1,MATN2_HUMAN,MATN2,Confirmed
Q16819,MEP1A_HUMAN,MEP1A,Confirmed
A2RRM4,MEP1A_HUMAN,MEP1A,Confirmed
B0AZP9,MEP1A_HUMAN,MEP1A,Confirmed
B2RCS2,MEP1A_HUMAN,MEP1A,Confirmed
Q8TDC9,MEP1A_HUMAN,MEP1A,Confirmed
Q9H1R1,MEP1A_HUMAN,MEP1A,Confirmed
P03956,MMP1_HUMAN,MMP1,Confirmed
P08156,MMP1_HUMAN,MMP1,Confirmed
P50281,MMP14_HUMAN,MMP14,Confirmed
A8K5L0,MMP14_HUMAN,MMP14,Confirmed
Q6GSF3,MMP14_HUMAN,MMP14,Confirmed
Q92678,MMP14_HUMAN,MMP14,Confirmed
P08253,MMP2_HUMAN,MMP2,Confirmed
B2R6U1,MMP2_HUMAN,MMP2,Confirmed
B4DWH3,MMP2_HUMAN,MMP2,Confirmed
E9PE45,MMP2_HUMAN,MMP2,Confirmed
Q9UCJ8,MMP2_HUMAN,MMP2,Confirmed
Q9H8L6,MMRN2_HUMAN,MMRN2,Confirmed
Q504V7,MMRN2_HUMAN,MMRN2,Confirmed
Q6P2N2,MMRN2_HUMAN,MMRN2,Confirmed
O95631,NET1_HUMAN,NTN1,Confirmed
E9KL51,NET1_HUMAN,NTN1,Confirmed
Q32P28,P3H1_HUMAN,P3H1,Confirmed
Q7KZR4,P3H1_HUMAN,P3H1,Confirmed
Q96BR8,P3H1_HUMAN,P3H1,Confirmed
Q96SK8,P3H1_HUMAN,P3H1,Confirmed
Q96SL5,P3H1_HUMAN,P3H1,Confirmed
Q96SN3,P3H1_HUMAN,P3H1,Confirmed
Q9H6K3,P3H1_HUMAN,P3H1,Confirmed
Q9HC86,P3H1_HUMAN,P3H1,Confirmed
Q9HC87,P3H1_HUMAN,P3H1,Confirmed
O95428,PPN_HUMAN,PAPLN,Confirmed
B4DES8,PPN_HUMAN,PAPLN,Confirmed
B4DGE6,PPN_HUMAN,PAPLN,Confirmed
Q659F2,PPN_HUMAN,PAPLN,Confirmed
Q6UXJ4,PPN_HUMAN,PAPLN,Confirmed
Q6ZNM1,PPN_HUMAN,PAPLN,Confirmed
Q6ZUJ0,PPN_HUMAN,PAPLN,Confirmed
Q7Z681,PPN_HUMAN,PAPLN,Confirmed
Q8IVU0,PPN_HUMAN,PAPLN,Confirmed
Q7Z5L7,PODN_HUMAN,PODN,Confirmed
B4DKN5,PODN_HUMAN,PODN,Confirmed
B4E373,PODN_HUMAN,PODN,Confirmed
Q5VVZ2,PODN_HUMAN,PODN,Confirmed
Q5VVZ3,PODN_HUMAN,PODN,Confirmed
Q6PIR3,PODN_HUMAN,PODN,Confirmed
Q6UXL8,PODN_HUMAN,PODN,Confirmed
Q8N641,PODN_HUMAN,PODN,Confirmed
Q15063,POSTN_HUMAN,POSTN,Confirmed
B1ALD8,POSTN_HUMAN,POSTN,Confirmed
C0IMJ1,POSTN_HUMAN,POSTN,Confirmed
C0IMJ2,POSTN_HUMAN,POSTN,Confirmed
C0IMJ4,POSTN_HUMAN,POSTN,Confirmed
D2KRH7,POSTN_HUMAN,POSTN,Confirmed
F5H628,POSTN_HUMAN,POSTN,Confirmed
Q15064,POSTN_HUMAN,POSTN,Confirmed
Q29XZ0,POSTN_HUMAN,POSTN,Confirmed
Q3KPJ5,POSTN_HUMAN,POSTN,Confirmed
Q5VSY5,POSTN_HUMAN,POSTN,Confirmed
Q8IZF9,POSTN_HUMAN,POSTN,Confirmed
P21246,PTN_HUMAN,PTN,Confirmed
Q5U0B0,PTN_HUMAN,PTN,Confirmed
Q6ICQ5,PTN_HUMAN,PTN,Confirmed
Q9UCC6,PTN_HUMAN,PTN,Confirmed
P18827,SDC1_HUMAN,SDC1,Confirmed
D6W523,SDC1_HUMAN,SDC1,Confirmed
Q53QV0,SDC1_HUMAN,SDC1,Confirmed
Q546D3,SDC1_HUMAN,SDC1,Confirmed
Q96HB7,SDC1_HUMAN,SDC1,Confirmed
P31431,SDC4_HUMAN,SDC4,Confirmed
O00773,SDC4_HUMAN,SDC4,Confirmed
Q16833,SDC4_HUMAN,SDC4,Confirmed
Q53FN9,SDC4_HUMAN,SDC4,Confirmed
Q6FGN3,SDC4_HUMAN,SDC4,Confirmed
Q9HCB6,SPON1_HUMAN,SPON1,Confirmed
A8K6W5,SPON1_HUMAN,SPON1,Confirmed
O94862,SPON1_HUMAN,SPON1,Confirmed
Q8NCD7,SPON1_HUMAN,SPON1,Confirmed
Q8WUR5,SPON1_HUMAN,SPON1,Confirmed
Q15582,BGH3_HUMAN,TGFBI,Confirmed
D3DQB1,BGH3_HUMAN,TGFBI,Confirmed
O14471,BGH3_HUMAN,TGFBI,Confirmed
O14472,BGH3_HUMAN,TGFBI,Confirmed
O14476,BGH3_HUMAN,TGFBI,Confirmed
O43216,BGH3_HUMAN,TGFBI,Confirmed
O43217,BGH3_HUMAN,TGFBI,Confirmed
O43218,BGH3_HUMAN,TGFBI,Confirmed
O43219,BGH3_HUMAN,TGFBI,Confirmed
Q53XM1,BGH3_HUMAN,TGFBI,Confirmed
P07996,TSP1_HUMAN,THBS1,Confirmed
A8K6H4,TSP1_HUMAN,THBS1,Confirmed
B4E3J7,TSP1_HUMAN,THBS1,Confirmed
B9EGH6,TSP1_HUMAN,THBS1,Confirmed
Q15667,TSP1_HUMAN,THBS1,Confirmed
Q59E99,TSP1_HUMAN,THBS1,Confirmed
P35443,TSP4_HUMAN,THBS4,Confirmed
B2R909,TSP4_HUMAN,THBS4,Confirmed
Q86TG2,TSP4_HUMAN,THBS4,Confirmed
P01033,TIMP1_HUMAN,TIMP1,Confirmed
Q14252,TIMP1_HUMAN,TIMP1,Confirmed
Q9UCU1,TIMP1_HUMAN,TIMP1,Confirmed
P16035,TIMP2_HUMAN,TIMP2,Confirmed
Q16121,TIMP2_HUMAN,TIMP2,Confirmed
Q93006,TIMP2_HUMAN,TIMP2,Confirmed
Q9UDF7,TIMP2_HUMAN,TIMP2,Confirmed
P35625,TIMP3_HUMAN,TIMP3,Confirmed
B2RBY9,TIMP3_HUMAN,TIMP3,Confirmed
Q5THV4,TIMP3_HUMAN,TIMP3,Confirmed
Q9UC74,TIMP3_HUMAN,TIMP3,Confirmed
Q9UGS2,TIMP3_HUMAN,TIMP3,Confirmed
Q9GZM7,TINAL_HUMAN,TINAGL1,Confirmed
A8K9Q5,TINAL_HUMAN,TINAGL1,Confirmed
B4DPK6,TINAL_HUMAN,TINAGL1,Confirmed
D3DPN8,TINAL_HUMAN,TINAGL1,Confirmed
Q8TEJ9,TINAL_HUMAN,TINAGL1,Confirmed
Q8WZ23,TINAL_HUMAN,TINAGL1,Confirmed
Q96GZ4,TINAL_HUMAN,TINAGL1,Confirmed
Q96JW3,TINAL_HUMAN,TINAGL1,Confirmed
P24821,TENA_HUMAN,TNC,Confirmed
C9IYT7,TENA_HUMAN,TNC,Confirmed
C9J575,TENA_HUMAN,TNC,Confirmed
C9J6D9,TENA_HUMAN,TNC,Confirmed
C9J848,TENA_HUMAN,TNC,Confirmed
Q14583,TENA_HUMAN,TNC,Confirmed
Q15567,TENA_HUMAN,TNC,Confirmed
Q5T7S3,TENA_HUMAN,TNC,Confirmed
P13611,CSPG2_HUMAN,VCAN,Confirmed
P20754,CSPG2_HUMAN,VCAN,Confirmed
Q13010,CSPG2_HUMAN,VCAN,Confirmed
Q13189,CSPG2_HUMAN,VCAN,Confirmed
Q15123,CSPG2_HUMAN,VCAN,Confirmed
Q9UCL9,CSPG2_HUMAN,VCAN,Confirmed
Q9UNW5,CSPG2_HUMAN,VCAN,Confirmed
P04004,VTNC_HUMAN,VTN,Confirmed
B2R7G0,VTNC_HUMAN,VTN,Confirmed
P01141,VTNC_HUMAN,VTN,Confirmed
Q9BSH7,VTNC_HUMAN,VTN,Confirmed
Q9UMD9,COHA1_HUMAN,COL17A1,Core
Q02802,COHA1_HUMAN,COL17A1,Core
Q5JV36,COHA1_HUMAN,COL17A1,Core
Q99018,COHA1_HUMAN,COL17A1,Core
Q9NQK9,COHA1_HUMAN,COL17A1,Core
Q9UC14,COHA1_HUMAN,COL17A1,Core
P39060,COIA1_HUMAN,COL18A1,Core
A8MVI4,COIA1_HUMAN,COL18A1,Core
Q58EX6,COIA1_HUMAN,COL18A1,Core
Q6RZ39,COIA1_HUMAN,COL18A1,Core
Q6RZ40,COIA1_HUMAN,COL18A1,Core
Q6RZ41,COIA1_HUMAN,COL18A1,Core
Q8N4S4,COIA1_HUMAN,COL18A1,Core
Q8WXI5,COIA1_HUMAN,COL18A1,Core
Q96T70,COIA1_HUMAN,COL18A1,Core
Q9UK38,COIA1_HUMAN,COL18A1,Core
Q9Y6Q7,COIA1_HUMAN,COL18A1,Core
Q9Y6Q8,COIA1_HUMAN,COL18A1,Core
Q2UY09,COSA1_HUMAN,COL28A1,Core
A4D101,COSA1_HUMAN,COL28A1,Core
A4D106,COSA1_HUMAN,COL28A1,Core
A4D107,COSA1_HUMAN,COL28A1,Core
A8MVR2,COSA1_HUMAN,COL28A1,Core
B9EGX9,COSA1_HUMAN,COL28A1,Core
Q2UY07,COSA1_HUMAN,COL28A1,Core
Q2UY08,COSA1_HUMAN,COL28A1,Core
P02462,CO4A1_HUMAN,COL4A1,Core
A7E2W4,CO4A1_HUMAN,COL4A1,Core
B1AM70,CO4A1_HUMAN,COL4A1,Core
F5H5K0,CO4A1_HUMAN,COL4A1,Core
Q1P9S9,CO4A1_HUMAN,COL4A1,Core
Q5VWF6,CO4A1_HUMAN,COL4A1,Core
Q86X41,CO4A1_HUMAN,COL4A1,Core
Q8NF88,CO4A1_HUMAN,COL4A1,Core
Q9NYC5,CO4A1_HUMAN,COL4A1,Core
P08572,CO4A2_HUMAN,COL4A2,Core
Q14052,CO4A2_HUMAN,COL4A2,Core
Q548C3,CO4A2_HUMAN,COL4A2,Core
Q5VZA9,CO4A2_HUMAN,COL4A2,Core
Q66K23,CO4A2_HUMAN,COL4A2,Core
Q01955,CO4A3_HUMAN,COL4A3,Core
Q53QQ1,CO4A3_HUMAN,COL4A3,Core
Q53R14,CO4A3_HUMAN,COL4A3,Core
Q53RW8,CO4A3_HUMAN,COL4A3,Core
Q9BQT2,CO4A3_HUMAN,COL4A3,Core
Q9NYC4,CO4A3_HUMAN,COL4A3,Core
Q9UDJ9,CO4A3_HUMAN,COL4A3,Core
Q9UDK9,CO4A3_HUMAN,COL4A3,Core
Q9UDL0,CO4A3_HUMAN,COL4A3,Core
Q9UDL1,CO4A3_HUMAN,COL4A3,Core
P53420,CO4A4_HUMAN,COL4A4,Core
A8MTZ1,CO4A4_HUMAN,COL4A4,Core
Q53RW9,CO4A4_HUMAN,COL4A4,Core
Q53S42,CO4A4_HUMAN,COL4A4,Core
Q53WR1,CO4A4_HUMAN,COL4A4,Core
P29400,CO4A5_HUMAN,COL4A5,Core
Q16006,CO4A5_HUMAN,COL4A5,Core
Q16126,CO4A5_HUMAN,COL4A5,Core
Q6LD84,CO4A5_HUMAN,COL4A5,Core
Q7Z700,CO4A5_HUMAN,COL4A5,Core
Q9NUB7,CO4A5_HUMAN,COL4A5,Core
Q14031,CO4A6_HUMAN,COL4A6,Core
Q12823,CO4A6_HUMAN,COL4A6,Core
Q14053,CO4A6_HUMAN,COL4A6,Core
Q5JYH6,CO4A6_HUMAN,COL4A6,Core
Q5JYH8,CO4A6_HUMAN,COL4A6,Core
Q9NQM5,CO4A6_HUMAN,COL4A6,Core
Q9NTX3,CO4A6_HUMAN,COL4A6,Core
Q9UJ76,CO4A6_HUMAN,COL4A6,Core
Q9UMG6,CO4A6_HUMAN,COL4A6,Core
Q9Y4L4,CO4A6_HUMAN,COL4A6,Core
Q02388,CO7A1_HUMAN,COL7A1,Core
Q14054,CO7A1_HUMAN,COL7A1,Core
Q16507,CO7A1_HUMAN,COL7A1,Core
O95967,FBLN4_HUMAN,EFEMP2,Core
A8K7R4,FBLN4_HUMAN,EFEMP2,Core
B3KM31,FBLN4_HUMAN,EFEMP2,Core
B3KQT1,FBLN4_HUMAN,EFEMP2,Core
O75967,FBLN4_HUMAN,EFEMP2,Core
P98160,PGBM_HUMAN,HSPG2,Core
Q16287,PGBM_HUMAN,HSPG2,Core
Q5SZI3,PGBM_HUMAN,HSPG2,Core
Q9H3V5,PGBM_HUMAN,HSPG2,Core
O00515,LAD1_HUMAN,LAD1,Core
O95614,LAD1_HUMAN,LAD1,Core
Q96GD8,LAD1_HUMAN,LAD1,Core
P24043,LAMA2_HUMAN,LAMA2,Core
Q14736,LAMA2_HUMAN,LAMA2,Core
Q5VUM2,LAMA2_HUMAN,LAMA2,Core
Q93022,LAMA2_HUMAN,LAMA2,Core
Q16787,LAMA3_HUMAN,LAMA3,Core
B0YJ33,LAMA3_HUMAN,LAMA3,Core
Q13679,LAMA3_HUMAN,LAMA3,Core
Q13680,LAMA3_HUMAN,LAMA3,Core
Q6VU67,LAMA3_HUMAN,LAMA3,Core
Q6VU68,LAMA3_HUMAN,LAMA3,Core
Q6VU69,LAMA3_HUMAN,LAMA3,Core
Q76E14,LAMA3_HUMAN,LAMA3,Core
Q96TG0,LAMA3_HUMAN,LAMA3,Core
Q16363,LAMA4_HUMAN,LAMA4,Core
Q14731,LAMA4_HUMAN,LAMA4,Core
Q14735,LAMA4_HUMAN,LAMA4,Core
Q15335,LAMA4_HUMAN,LAMA4,Core
Q4LE44,LAMA4_HUMAN,LAMA4,Core
Q5SZG8,LAMA4_HUMAN,LAMA4,Core
Q9BTB8,LAMA4_HUMAN,LAMA4,Core
Q9UE18,LAMA4_HUMAN,LAMA4,Core
Q9UJN9,LAMA4_HUMAN,LAMA4,Core
O15230,LAMA5_HUMAN,LAMA5,Core
Q5U4N9,LAMA5_HUMAN,LAMA5,Core
Q8TDF8,LAMA5_HUMAN,LAMA5,Core
Q8WZA7,LAMA5_HUMAN,LAMA5,Core
Q9H1P1,LAMA5_HUMAN,LAMA5,Core
P07942,LAMB1_HUMAN,LAMB1,Core
Q14D91,LAMB1_HUMAN,LAMB1,Core
P55268,LAMB2_HUMAN,LAMB2,Core
Q16321,LAMB2_HUMAN,LAMB2,Core
Q13751,LAMB3_HUMAN,LAMB3,Core
D3DT88,LAMB3_HUMAN,LAMB3,Core
O14947,LAMB3_HUMAN,LAMB3,Core
Q14733,LAMB3_HUMAN,LAMB3,Core
Q9UJK4,LAMB3_HUMAN,LAMB3,Core
Q9UJL1,LAMB3_HUMAN,LAMB3,Core
P11047,LAMC1_HUMAN,LAMC1,Core
Q5VYE7,LAMC1_HUMAN,LAMC1,Core
Q13753,LAMC2_HUMAN,LAMC2,Core
Q02536,LAMC2_HUMAN,LAMC2,Core
Q02537,LAMC2_HUMAN,LAMC2,Core
Q13752,LAMC2_HUMAN,LAMC2,Core
Q14941,LAMC2_HUMAN,LAMC2,Core
Q14DF7,LAMC2_HUMAN,LAMC2,Core
Q2M1N2,LAMC2_HUMAN,LAMC2,Core
Q5VYE8,LAMC2_HUMAN,LAMC2,Core
P14543,NID1_HUMAN,NID1,Core
Q14942,NID1_HUMAN,NID1,Core
Q59FL2,NID1_HUMAN,NID1,Core
Q5TAF2,NID1_HUMAN,NID1,Core
Q5TAF3,NID1_HUMAN,NID1,Core
Q86XD7,NID1_HUMAN,NID1,Core
Q14112,NID2_HUMAN,NID2,Core
A8K6I7,NID2_HUMAN,NID2,Core
B4DU19,NID2_HUMAN,NID2,Core
O43710,NID2_HUMAN,NID2,Core
P09486,SPRC_HUMAN,SPARC,Core
D3DQH9,SPRC_HUMAN,SPARC,Core
Q6IBK4,SPRC_HUMAN,SPARC,Core
P35442,TSP2_HUMAN,THBS2,Core
A6H8N1,TSP2_HUMAN,THBS2,Core
A7E232,TSP2_HUMAN,THBS2,Core
Q5RI52,TSP2_HUMAN,THBS2,Core
Q6PCB0,VWA1_HUMAN,VWA1,Core
A8K692,VWA1_HUMAN,VWA1,Core
B3KUA1,VWA1_HUMAN,VWA1,Core
E9PB53,VWA1_HUMAN,VWA1,Core
Q7L5D7,VWA1_HUMAN,VWA1,Core
Q9H6J5,VWA1_HUMAN,VWA1,Core
