Domain_Name,Domain_Start,Domain_Finish,p: Forearm vs Buttock,Domain Type,Domain_Length,0841_Buttock,0842_Buttock,0863_Buttock,0841_Forearm,0842_Forearm,0863_Forearm,Diff Forearm vs Buttock,Buttock,Forearm,Peptides Buttock,Peptides Forearm,Original_0841_Buttock,Original_0842_Buttock,Original_0863_Buttock,Original_0841_Forearm,Original_0842_Forearm,Original_0863_Forearm,GeneAC,Uniprot_ID,Uniprot_ACs
50Step_Domain_p0_to_50,0,50,1,50.0 AA STEP,50,0,0,0,0,1756747,3246851,-33357.32,0,1667866,, DQGPNVCALQQILGTK DQGPNVCALQQILGTK,0,0,0,0,1695910,1977280,POSTN_HUMAN,POSTN_HUMAN,"Q15063;B1ALD8;C0IMJ1;C0IMJ2;C0IMJ4;D2KRH7;F5H628;Q15064;Q29XZ0;"
50Step_Domain_p50.0_to_100.0,50,100,0.0003,50.0 AA STEP,50,761064,251265,580939,1474023,2640260,4665662,-47911.18,5310089,2926648, TTVLYECCPGYMR TTVLYECCPGYMR TTVLYECCPGYMR, TTVLYECCPGYMR DQGPNVCALQQILGTK TTVLYECCPGYMR DQGPNVCALQQILGTK TTVLYECCPGYMR,797716,302184,568154,2050390,2548826,2841313,POSTN_HUMAN,POSTN_HUMAN,"Q15063;B1ALD8;C0IMJ1;C0IMJ2;C0IMJ4;D2KRH7;F5H628;Q15064;Q29XZ0;"
50Step_Domain_p100.0_to_150.0,100,150,1,50.0 AA STEP,50,0,0,0,0,0,0,0,0,0,,,0,0,0,0,0,0,POSTN_HUMAN,POSTN_HUMAN,"Q15063;B1ALD8;C0IMJ1;C0IMJ2;C0IMJ4;D2KRH7;F5H628;Q15064;Q29XZ0;"
50Step_Domain_p150.0_to_200.0,150,200,1,50.0 AA STEP,50,0,0,0,0,0,0,931089,931089,0,,,0,0,0,0,0,0,POSTN_HUMAN,POSTN_HUMAN,"Q15063;B1ALD8;C0IMJ1;C0IMJ2;C0IMJ4;D2KRH7;F5H628;Q15064;Q29XZ0;"
50Step_Domain_p200.0_to_250.0,200,250,1,50.0 AA STEP,50,0,0,0,0,0,0,10310890,0,10310890,,,0,0,0,0,0,0,POSTN_HUMAN,POSTN_HUMAN,"Q15063;B1ALD8;C0IMJ1;C0IMJ2;C0IMJ4;D2KRH7;F5H628;Q15064;Q29XZ0;"
50Step_Domain_p250.0_to_300.0,250,300,1,50.0 AA STEP,50,0,0,0,0,0,0,0,56841222,0,,,0,0,0,0,0,0,POSTN_HUMAN,POSTN_HUMAN,"Q15063;B1ALD8;C0IMJ1;C0IMJ2;C0IMJ4;D2KRH7;F5H628;Q15064;Q29XZ0;"
50Step_Domain_p300.0_to_350.0,300,350,1,50.0 AA STEP,50,0,0,0,0,0,0,0,0,0,,,0,0,0,0,0,0,POSTN_HUMAN,POSTN_HUMAN,"Q15063;B1ALD8;C0IMJ1;C0IMJ2;C0IMJ4;D2KRH7;F5H628;Q15064;Q29XZ0;"
50Step_Domain_p350.0_to_400.0,350,400,0.00004,50.0 AA STEP,50,4716473,4318058,2010402,4593556,3344326,3865619,-5057.12,3681644,3934500, QVIELAGK QVIELAGK QVIELAGK, QVIELAGK QVIELAGK QVIELAGK,4943610,5193110,1966160,6389710,3228510,2354100,POSTN_HUMAN,POSTN_HUMAN,"Q15063;B1ALD8;C0IMJ1;C0IMJ2;C0IMJ4;D2KRH7;F5H628;Q15064;Q29XZ0;"
50Step_Domain_p400.0_to_450.0,400,450,1,50.0 AA STEP,50,0,0,0,0,0,0,0,0,0,,,0,0,0,0,0,0,POSTN_HUMAN,POSTN_HUMAN,"Q15063;B1ALD8;C0IMJ1;C0IMJ2;C0IMJ4;D2KRH7;F5H628;Q15064;Q29XZ0;"
50Step_Domain_p450.0_to_500.0,450,500,1,50.0 AA STEP,50,1394446,1323944,680732,1143941,559436,483123,8084.16,1133041,728833, TAVCIENSCMEK TAVCIENSCMEK TAVCIENSCMEK, TAVCIENSCMEK TAVCIENSCMEK TAVCIENSCMEK,1461600,1592240,665751,1591240,540062,294214,POSTN_HUMAN,POSTN_HUMAN,"Q15063;B1ALD8;C0IMJ1;C0IMJ2;C0IMJ4;D2KRH7;F5H628;Q15064;Q29XZ0;"
50Step_Domain_p500.0_to_550.0,500,550,1,50.0 AA STEP,50,0,0,0,0,0,0,0,0,0,,,0,0,0,0,0,0,POSTN_HUMAN,POSTN_HUMAN,"Q15063;B1ALD8;C0IMJ1;C0IMJ2;C0IMJ4;D2KRH7;F5H628;Q15064;Q29XZ0;"
50Step_Domain_p550.0_to_600.0,550,600,0,50.0 AA STEP,50,258334074,275603167,278204358,227142590,266336383,237620404,540281.48,27071386,24369979, GFEPGVTNILK GFEPGVTNILK GFEPGVTNILK, GFEPGVTNILK GFEPGVTNILK GFEPGVTNILK,270775000,331454000,272082000,315959000,257113000,144707000,POSTN_HUMAN,POSTN_HUMAN,"Q15063;B1ALD8;C0IMJ1;C0IMJ2;C0IMJ4;D2KRH7;F5H628;Q15064;Q29XZ0;"
50Step_Domain_p600.0_to_650.0,600,650,1,50.0 AA STEP,50,871519,780711,0,1035703,0,0,4110.18,550743,345234, ESDIMTTNGVIHVVDK ESDIMTTNGVIHVVDK, ESDIMTTNGVIHVVDK,913490,938922,0,1440680,0,0,POSTN_HUMAN,POSTN_HUMAN,"Q15063;B1ALD8;C0IMJ1;C0IMJ2;C0IMJ4;D2KRH7;F5H628;Q15064;Q29XZ0;"
50Step_Domain_p650.0_to_700.0,650,700,1,50.0 AA STEP,50,457671,413642,0,0,357700,0,3424.1,290438,119233, EIPVTVYTTK EIPVTVYTTK, EIPVTVYTTK,479712,497466,0,0,345313,0,POSTN_HUMAN,POSTN_HUMAN,"Q15063;B1ALD8;C0IMJ1;C0IMJ2;C0IMJ4;D2KRH7;F5H628;Q15064;Q29XZ0;"
50Step_Domain_p700.0_to_750.0,700,750,0.0017,50.0 AA STEP,50,30898033,22435041,24274192,45829362,26770643,40910063,-239352,25869089,37836689, IEGEPEFR IIDGVPVEITEK VKIEGEPEFR IIDGVPVEITEKETR EGETITEVIHGEPIIK IEGEPEFR IIDGVPVEITEK VKIEGEPEFR IIDGVPVEITEKETR EGETITEVIHGEPIIK VKIEGEPEFR IEGEPEFR IIDGVPVEITEKETR IIDGVPVEITEK, IEGEPEFR VKIEGEPEFR IIDGVPVEITEK EGETITEVIHGEPIIK IEGEPEFR VKIEGEPEFR IIDGVPVEITEK IEGEPEFR VKIEGEPEFR IIDGVPVEITEK EGETITEVIHGEPIIK,32386029,26981490,23739997,63749380,25843560,24913570,POSTN_HUMAN,POSTN_HUMAN,"Q15063;B1ALD8;C0IMJ1;C0IMJ2;C0IMJ4;D2KRH7;F5H628;Q15064;Q29XZ0;"
50Step_Domain_p750.0_to_800.0,750,800,0.0017,50.0 AA STEP,50,41189466,33746591,32925634,56639855,37946458,48605062,-235531.22,35953897,47730458, ISTGGGETEETLK IITGPEIK LLQEEVTK ISTGGGETEETLKK ISTGGGETEETLK IITGPEIK LLQEEVTK ISTGGGETEETLKK ISTGGGETEETLK IITGPEIK LLQEEVTK ISTGGGETEETLKK, ISTGGGETEETLK IITGPEIK LLQEEVTK ISTGGGETEETLKK ISTGGGETEETLK IITGPEIK LLQEEVTK ISTGGGETEETLKK ISTGGGETEETLK IITGPEIK LLQEEVTK ISTGGGETEETLKK,43173080,40585320,32201050,78786950,36632350,29599700,POSTN_HUMAN,POSTN_HUMAN,"Q15063;B1ALD8;C0IMJ1;C0IMJ2;C0IMJ4;D2KRH7;F5H628;Q15064;Q29XZ0;"
50Step_Domain_p800.0_to_836.0,800,836,1,50.0 AA STEP,36,1402527,1152855,1349017,2166244,2070068,3875341,-38956.05556,1301466,2703884, LLQGDTPVR LLQGDTPVR LLQGDTPVR, LLQGDTPVR LLQGDTPVR LLQGDTPVR,1470070,1386480,1319330,3013280,1998380,2360020,POSTN_HUMAN,POSTN_HUMAN,"Q15063;B1ALD8;C0IMJ1;C0IMJ2;C0IMJ4;D2KRH7;F5H628;Q15064;Q29XZ0;"
